compania;linea_de_producto;anho;ingresos_soles
Claro;publico;2013;10690680
Claro;larga_distancia;2013;12285877
Claro;otros;2013;85336817
Claro;linea_fija;2013;107044890
Claro;cabletv;2013;119579263
Claro;data;2013;129783150
Claro;internet;2013;171809964
Claro;interconexion;2013;451196666
Claro;equipos;2013;602707188
Claro;movil;2013;3231865503
Otros;publico;2013;573
Otros;equipos;2013;37934
Otros;interconexion;2013;1126238
Otros;otros;2013;3259053
Otros;data;2013;5866152
Otros;linea_fija;2013;18446334
Otros;larga_distancia;2013;43504830
Otros;internet;2013;47606796
Otros;equipos;2013;64119
Otros;data;2013;14667271
Otros;data;2013;12992458
Otros;cabletv;2013;23462078
Otros;equipos;2013;46589
Otros;internet;2013;14735641
Otros;linea_fija;2013;26634419
Otros;otros;2013;34639637
Otros;larga_distancia;2013;52958007
Otros;equipos;2013;340818
Otros;interconexion;2013;839444
Otros;linea_fija;2013;1671567
Otros;larga_distancia;2013;8110516
DirectTV;equipos;2013;441324
DirectTV;cabletv;2013;190055140
Entel;publico;2013;185
Entel;linea_fija;2013;460362
Entel;internet;2013;14218785
Entel;interconexion;2013;51597006
Entel;otros;2013;63866079
Entel;equipos;2013;86143176
Entel;movil;2013;608200298
Otros;interconexion;2013;18699
Otros;larga_distancia;2013;4021824
Otros;linea_fija;2013;5138986
Otros;internet;2013;5232000
Otros;otros;2013;7111000
Otros;data;2013;9291000
Otros;publico;2013;13745490
Otros;equipos;2013;15143000
Otros;otros;2013;84611
Otros;larga_distancia;2013;1246746
Otros;linea_fija;2013;1825762
Otros;larga_distancia;2013;24345881
Otros;equipos;2013;4255
Otros;interconexion;2013;36723
Otros;data;2013;188218
Otros;linea_fija;2013;438673
Otros;otros;2013;720958
Otros;larga_distancia;2013;1693291
Otros;otros;2013;31445641
Otros;internet;2013;335652
Otros;cabletv;2013;831840
Otros;otros;2013;5803204
Otros;internet;2013;17859617
Otros;equipos;2013;1536867
Otros;movil;2013;9706606
Movistar;larga_distancia;2013;111783000
Movistar;otros;2013;160052000
Movistar;interconexion;2013;302327000
Movistar;publico;2013;412739000
Movistar;data;2013;573606000
Movistar;equipos;2013;574764000
Movistar;cabletv;2013;679530000
Movistar;linea_fija;2013;832602000
Movistar;internet;2013;1306055000
Movistar;movil;2013;3876234000
Otros;linea_fija;2013;937175
Otros;cabletv;2013;1666431
Otros;data;2013;87518
Otros;equipos;2013;358645
Otros;internet;2013;4057876
Otros;otros;2013;36412
Otros;internet;2013;405169
Otros;data;2013;485140
Otros;publico;2013;58801
Otros;internet;2013;334447
Otros;linea_fija;2013;1270146
Claro;publico;2014;8848454
Claro;larga_distancia;2014;12536394
Claro;otros;2014;80208287
Claro;linea_fija;2014;119142207
Claro;data;2014;146716289
Claro;cabletv;2014;150536141
Claro;internet;2014;241389343
Claro;interconexion;2014;466934200
Claro;equipos;2014;692638499
Claro;movil;2014;3516893188
Otros;publico;2014;1013
Otros;equipos;2014;86464
Otros;interconexion;2014;1439601
Otros;otros;2014;5645962
Otros;data;2014;8264989
Otros;linea_fija;2014;20501527
Otros;larga_distancia;2014;43911509
Otros;internet;2014;61283935
Otros;equipos;2014;1901
Otros;data;2014;21114335
Otros;data;2014;15199614
Otros;cabletv;2014;24108168
Otros;internet;2014;19028789
Otros;linea_fija;2014;28247205
Otros;otros;2014;43581007
Otros;larga_distancia;2014;44463316
Otros;otros;2014;224134
Otros;interconexion;2014;924395
Otros;linea_fija;2014;1368268
Otros;larga_distancia;2014;2496743
Otros;data;2014;7821461
DirectTV;cabletv;2014;242060271
Entel;publico;2014;19
Entel;linea_fija;2014;126879
Entel;internet;2014;3916268
Entel;otros;2014;54359649
Entel;interconexion;2014;62909866
Entel;equipos;2014;101758862
Entel;movil;2014;542685048
Otros;interconexion;2014;89765
Otros;larga_distancia;2014;3177096
Otros;equipos;2014;4618063
Otros;linea_fija;2014;4896680
Otros;internet;2014;5123297
Otros;data;2014;10431089
Otros;publico;2014;12071352
Otros;otros;2014;12452024
Otros;larga_distancia;2014;19188670
Otros;equipos;2014;1833
Otros;otros;2014;39737
Otros;data;2014;64895
Otros;internet;2014;122700
Otros;linea_fija;2014;258863
Otros;larga_distancia;2014;2678476
Otros;otros;2014;42614932
Otros;otros;2014;235474
Otros;linea_fija;2014;678521
Otros;internet;2014;1884864
Otros;larga_distancia;2014;7940450
Otros;otros;2014;5678799
Otros;internet;2014;35610839
Otros;interconexion;2014;832
Otros;equipos;2014;1125366
Otros;linea_fija;2014;1617359
Otros;otros;2014;11784279
Otros;internet;2014;33470592
Otros;internet;2014;46780
Otros;cabletv;2014;3559090
Otros;publico;2014;32121
Otros;linea_fija;2014;79635
Otros;internet;2014;201528
Otros;equipos;2014;247992
Otros;cabletv;2014;11058819
Otros;equipos;2014;2164424
Otros;movil;2014;12696822
Movistar;larga_distancia;2014;111733000
Movistar;otros;2014;250479000
Movistar;publico;2014;325787000
Movistar;interconexion;2014;336349000
Movistar;equipos;2014;624881000
Movistar;data;2014;627362000
Movistar;cabletv;2014;722264000
Movistar;linea_fija;2014;755716000
Movistar;internet;2014;1420347000
Movistar;movil;2014;4357909000
Otros;equipos;2014;716
Otros;internet;2014;3660
Otros;linea_fija;2014;41509
Otros;publico;2014;72189
Otros;otros;2014;81765
Bitel;data;2014;98126
Bitel;interconexion;2014;3314126
Bitel;movil;2014;14699910
Bitel;equipos;2014;18355717
Otros;cabletv;2014;1978200
Otros;otros;2014;21911
Otros;data;2014;394745
Otros;equipos;2014;1594459
Otros;internet;2014;5403676
Otros;internet;2014;389026
Otros;data;2014;560958
Otros;publico;2014;60876
Otros;internet;2014;152889
Otros;data;2014;426923
Otros;linea_fija;2014;788858
Otros;internet;2014;21487
Otros;linea_fija;2014;124753
Otros;equipos;2014;192027
Otros;otros;2014;2399191
Otros;data;2014;8108038
Otros;cabletv;2015;57430
Otros;internet;2015;87104
Otros;cabletv;2015;789672
Claro;publico;2015;8907983
Claro;larga_distancia;2015;11519043
Claro;otros;2015;79001615
Claro;linea_fija;2015;121446970
Claro;data;2015;165718117
Claro;cabletv;2015;166515522
Claro;internet;2015;285304118
Claro;interconexion;2015;365099892
Claro;equipos;2015;808856406
Claro;movil;2015;3444152820
Otros;publico;2015;3221
Otros;equipos;2015;141737
Otros;interconexion;2015;1508601
Otros;otros;2015;7605386
Otros;data;2015;11558092
Otros;linea_fija;2015;21440425
Otros;larga_distancia;2015;40070256
Otros;internet;2015;59730282
Otros;otros;2015;14695
Otros;internet;2015;172878
Otros;cabletv;2015;30042
Otros;cabletv;2015;1113082
Otros;equipos;2015;31724
Otros;publico;2015;279199
Otros;linea_fija;2015;550366
Otros;cabletv;2015;151477
Otros;equipos;2015;403122
Otros;data;2015;21073659
Otros;cabletv;2015;9319
Otros;internet;2015;403774
Otros;data;2015;10861749
Otros;cabletv;2015;692483
Otros;cabletv;2015;59261
Otros;cabletv;2015;1891482
Otros;cabletv;2015;1967589
Otros;cabletv;2015;436529
Otros;cabletv;2015;60288
Otros;cabletv;2015;175422
Otros;cabletv;2015;528912
Otros;cabletv;2015;956723
Otros;cabletv;2015;283180
Otros;cabletv;2015;1124034
Otros;cabletv;2015;395237
Otros;cabletv;2015;2189768
Otros;movil;2015;29985
Otros;equipos;2015;40457
Otros;internet;2015;49067
Otros;cabletv;2015;30983843
Otros;cabletv;2015;166445
Otros;cabletv;2015;88277
Otros;linea_fija;2015;17820213
Otros;internet;2015;28900988
Otros;larga_distancia;2015;50769219
Otros;data;2015;72645470
Otros;cabletv;2015;49990
Otros;equipos;2015;305908
Otros;data;2015;988034
Otros;linea_fija;2015;28550
Otros;equipos;2015;52509
Otros;data;2015;77969
Otros;otros;2015;105764
Otros;internet;2015;2208459
Otros;larga_distancia;2015;556
Otros;linea_fija;2015;2559
Otros;otros;2015;9924
Otros;cabletv;2015;943797
Otros;internet;2015;21372
Otros;cabletv;2015;934236
Otros;cabletv;2015;3101984
Otros;cabletv;2015;99495
Otros;linea_fija;2015;147
Otros;internet;2015;16339
Otros;data;2015;14072
Otros;equipos;2015;30136
Otros;otros;2015;202734
Otros;interconexion;2015;457571
Otros;linea_fija;2015;1226169
Otros;larga_distancia;2015;1768291
Otros;data;2015;9125869
Otros;cabletv;2015;125554
Otros;internet;2015;106920
Otros;cabletv;2015;529527
DirectTV;otros;2015;1580129
DirectTV;equipos;2015;5686538
DirectTV;cabletv;2015;242012690
Otros;cabletv;2015;1530205
Otros;equipos;2015;2292921
Otros;movil;2015;7315835
Otros;cabletv;2015;36562
Otros;cabletv;2015;1650570
Otros;cabletv;2015;4034455
Entel;internet;2015;15406
Entel;linea_fija;2015;37321
Entel;data;2015;54924
Entel;otros;2015;1246495
Entel;interconexion;2015;113893318
Entel;equipos;2015;213171992
Entel;movil;2015;825536543
Otros;equipos;2015;1505177
Otros;data;2015;7379566
Otros;cabletv;2015;65020
Otros;cabletv;2015;83209
Otros;interconexion;2015;109417
Otros;equipos;2015;266265
Otros;larga_distancia;2015;1602028
Otros;otros;2015;3537620
Otros;linea_fija;2015;3580778
Otros;publico;2015;9070758
Otros;internet;2015;16109081
Otros;equipos;2015;279438
Otros;data;2015;582218
Otros;otros;2015;1002949
Otros;internet;2015;10458395
Otros;cabletv;2015;35593
Otros;cabletv;2015;84981
Otros;cabletv;2015;804747
Otros;otros;2015;155032
Otros;cabletv;2015;3475324
Otros;larga_distancia;2015;4966593
Otros;larga_distancia;2015;13014715
Otros;data;2015;11904
Otros;equipos;2015;15416
Otros;internet;2015;167925
Otros;linea_fija;2015;296405
Otros;larga_distancia;2015;1803176
Otros;otros;2015;53923320
Otros;cabletv;2015;471733
Otros;cabletv;2015;70378
Otros;interconexion;2015;346156
Otros;linea_fija;2015;556201
Otros;cabletv;2015;371795
Otros;cabletv;2015;136231
Otros;cabletv;2015;73325
Otros;cabletv;2015;47929
Otros;cabletv;2015;8945
Otros;cabletv;2015;963147
Otros;equipos;2015;8066
Otros;interconexion;2015;8067
Otros;otros;2015;21318
Otros;linea_fija;2015;60367
Otros;internet;2015;866710
Otros;cabletv;2015;1828096
Otros;cabletv;2015;1657179
Otros;publico;2015;157279
Otros;linea_fija;2015;603498
Otros;data;2015;5121167
Otros;larga_distancia;2015;8341050
Otros;data;2015;6079005
Otros;otros;2015;5372451
Otros;equipos;2015;6239960
Otros;movil;2015;21362807
Otros;internet;2015;21602234
Otros;cabletv;2015;954583
Otros;cabletv;2015;766
Otros;otros;2015;2178
Otros;data;2015;43456
Otros;internet;2015;386369
Otros;equipos;2015;1099942
Otros;linea_fija;2015;687020
Otros;larga_distancia;2015;5107445
Otros;data;2015;10060471
Otros;otros;2015;12720729
Otros;internet;2015;51409354
Otros;cabletv;2015;150769
Otros;cabletv;2015;37010
Otros;internet;2015;60696
Otros;cabletv;2015;3433752
Otros;cabletv;2015;990268
Otros;publico;2015;1100555
Otros;cabletv;2015;293617
Otros;cabletv;2015;1923033
Otros;cabletv;2015;156390
Otros;cabletv;2015;34900
Otros;linea_fija;2015;2869
Otros;equipos;2015;34650
Otros;internet;2015;58686
Otros;otros;2015;98851
Otros;cabletv;2015;824684
Otros;cabletv;2015;87970
Otros;cabletv;2015;58432
Otros;cabletv;2015;12111762
Otros;otros;2015;3483898
Otros;movil;2015;14459925
Otros;cabletv;2015;10071
Otros;cabletv;2015;70077
Otros;cabletv;2015;594080
Otros;cabletv;2015;69196
Otros;cabletv;2015;943797
Otros;cabletv;2015;393757
Movistar;otros;2015;60355240
Movistar;larga_distancia;2015;92658000
Movistar;publico;2015;238800000
Movistar;interconexion;2015;390579000
Movistar;equipos;2015;583310000
Movistar;linea_fija;2015;624811000
Movistar;data;2015;686574000
Movistar;cabletv;2015;945944000
Movistar;internet;2015;1437675000
Movistar;movil;2015;4719637760
Otros;cabletv;2015;94743
Otros;cabletv;2015;3118501
Otros;cabletv;2015;166222
Otros;cabletv;2015;407355
Otros;cabletv;2015;47391
Otros;cabletv;2015;205873
Otros;equipos;2015;157149
Otros;internet;2015;351916
Otros;movil;2015;486210
Otros;movil;2015;4781
Otros;internet;2015;5884
Otros;otros;2015;20237
Otros;publico;2015;26203
Otros;linea_fija;2015;43841
Otros;data;2015;2615634
Otros;internet;2015;258526
Bitel;data;2015;3288067
Bitel;interconexion;2015;35907020
Bitel;equipos;2015;75004480
Bitel;movil;2015;139157070
Otros;cabletv;2015;2082862
Otros;cabletv;2015;301056
Otros;internet;2015;408770
Otros;data;2015;526681
Otros;publico;2015;62270
Otros;interconexion;2015;131130
Otros;internet;2015;251162
Otros;linea_fija;2015;1787193
Otros;internet;2015;8919
Otros;internet;2015;12603
Otros;linea_fija;2015;96085
Otros;equipos;2015;261376
Otros;otros;2015;2615905
Otros;data;2015;8837054
Otros;cabletv;2016;60075
Otros;internet;2016;79954
Otros;cabletv;2016;1131123
Claro;publico;2016;7376103
Claro;larga_distancia;2016;8655521
Claro;linea_fija;2016;130960220
Claro;otros;2016;140575842
Claro;data;2016;156539940
Claro;cabletv;2016;185058624
Claro;internet;2016;333764289
Claro;interconexion;2016;412388880
Claro;equipos;2016;883116261
Claro;movil;2016;3188010738
Otros;publico;2016;1555
Otros;equipos;2016;86714
Otros;interconexion;2016;1050860
Otros;otros;2016;12370039
Otros;data;2016;13081097
Otros;linea_fija;2016;18924185
Otros;larga_distancia;2016;32885104
Otros;internet;2016;53775446
Otros;cabletv;2016;52710
Otros;interconexion;2016;53875
Otros;publico;2016;159163
Otros;linea_fija;2016;730328
Otros;cabletv;2016;144693
Otros;internet;2016;137076
Otros;equipos;2016;874818
Otros;data;2016;22223921
Otros;data;2016;326195
Otros;cabletv;2016;13650
Otros;internet;2016;1169293
Otros;data;2016;7679562
Otros;cabletv;2016;453046
Otros;cabletv;2016;114039
Otros;cabletv;2016;1932074
Otros;cabletv;2016;1857737
Otros;equipos;2016;41164
Otros;cabletv;2016;538674
Otros;cabletv;2016;71090
Otros;cabletv;2016;64841
Otros;cabletv;2016;521232
Otros;cabletv;2016;67080
Otros;internet;2016;91720
Otros;cabletv;2016;3476922
Otros;cabletv;2016;518575
Otros;cabletv;2016;4790892
Otros;otros;2016;20176
Otros;cabletv;2016;1000758
Otros;otros;2016;3814
Otros;cabletv;2016;377858
Otros;internet;2016;137625
Otros;cabletv;2016;4635041
Otros;equipos;2016;49498
Otros;movil;2016;106704
Otros;internet;2016;167570
Otros;cabletv;2016;30830258
Otros;cabletv;2016;169546
Otros;cabletv;2016;119664
Otros;linea_fija;2016;19331718
Otros;internet;2016;31352359
Otros;larga_distancia;2016;55075446
Otros;data;2016;78807233
Otros;cabletv;2016;50000
Otros;cabletv;2016;312270
Otros;equipos;2016;892170
Otros;data;2016;1417077
Otros;linea_fija;2016;1898
Otros;equipos;2016;31773
Otros;data;2016;72187
Otros;otros;2016;186322
Otros;internet;2016;1239969
Otros;interconexion;2016;10353
Otros;linea_fija;2016;22962
Otros;internet;2016;72518
Otros;cabletv;2016;1824522
Otros;cabletv;2016;3180664
Otros;cabletv;2016;114483
Otros;linea_fija;2016;379
Otros;equipos;2016;98122
Otros;otros;2016;110714
Otros;internet;2016;366948
Otros;equipos;2016;14348
Otros;data;2016;65955
Otros;data;2016;82339
Otros;larga_distancia;2016;1179914
Otros;internet;2016;1204633
Otros;linea_fija;2016;2063953
Otros;interconexion;2016;7839782
Otros;cabletv;2016;148593
DirectTV;equipos;2016;49947446
DirectTV;cabletv;2016;220421501
Otros;cabletv;2016;1748075
Otros;equipos;2016;5106231
Otros;movil;2016;7248631
Otros;cabletv;2016;32071
Entel;internet;2016;913675
Entel;linea_fija;2016;1144760
Entel;data;2016;1980554
Entel;otros;2016;5889411
Entel;interconexion;2016;254795708
Entel;equipos;2016;268363313
Entel;movil;2016;1199205918
Otros;equipos;2016;1548956
Otros;data;2016;7217240
Otros;cabletv;2016;78932
Otros;cabletv;2016;81513
Otros;cabletv;2016;25940
Otros;interconexion;2016;86026
Otros;larga_distancia;2016;980893
Otros;linea_fija;2016;3226391
Otros;otros;2016;3340936
Otros;equipos;2016;3352289
Otros;publico;2016;9452234
Otros;internet;2016;17461038
Otros;equipos;2016;494009
Otros;data;2016;1710375
Otros;otros;2016;2197435
Otros;internet;2016;8528550
Otros;cabletv;2016;9320
Otros;cabletv;2016;113895
Otros;cabletv;2016;1045936
Otros;otros;2016;159307
Otros;cabletv;2016;3614875
Otros;larga_distancia;2016;3621546
Otros;larga_distancia;2016;4096345
Otros;otros;2016;107928
Otros;interconexion;2016;262683
Otros;movil;2016;565390
Otros;cabletv;2016;28526
Otros;internet;2016;2582460
Otros;data;2016;17821361
Otros;otros;2016;40967983
Otros;cabletv;2016;585091
Otros;cabletv;2016;348115
Otros;cabletv;2016;309427
Otros;cabletv;2016;468576
Otros;cabletv;2016;164361
Otros;cabletv;2016;138314
Otros;cabletv;2016;40088
Otros;cabletv;2016;46642
Otros;cabletv;2016;684355
Otros;internet;2016;151947
Otros;cabletv;2016;1759331
Otros;publico;2016;17845
Otros;otros;2016;559069
Otros;linea_fija;2016;665044
Otros;larga_distancia;2016;5705915
Otros;data;2016;11240809
Otros;equipos;2016;70752
Otros;otros;2016;71284
Otros;data;2016;7580276
Otros;otros;2016;8787312
Otros;data;2016;302430
Otros;equipos;2016;3039301
Otros;movil;2016;18480720
Otros;internet;2016;19807530
Otros;equipos;2016;123089
Otros;cabletv;2016;1050359
Otros;larga_distancia;2016;7779788
Otros;data;2016;14842349
Otros;otros;2016;20651653
Otros;linea_fija;2016;22359269
Otros;internet;2016;70863624
Otros;cabletv;2016;206047
Otros;cabletv;2016;529297
Otros;cabletv;2016;36635
Otros;cabletv;2016;3786288
Otros;cabletv;2016;1238571
Otros;publico;2016;6515719
Otros;larga_distancia;2016;48806
Otros;otros;2016;3770
Otros;cabletv;2016;1935273
Otros;cabletv;2016;426815
Otros;cabletv;2016;71070
Otros;cabletv;2016;79131
Otros;cabletv;2016;11106314
Otros;otros;2016;1631246
Otros;movil;2016;12377816
Otros;cabletv;2016;81312
Otros;cabletv;2016;98949
Otros;otros;2016;4314
Otros;cabletv;2016;423005
Otros;cabletv;2016;71976
Otros;cabletv;2016;488369
Movistar;otros;2016;48217937
Movistar;larga_distancia;2016;65282000
Movistar;publico;2016;174260000
Movistar;interconexion;2016;510811000
Movistar;linea_fija;2016;580671000
Movistar;equipos;2016;581321000
Movistar;data;2016;733651000
Movistar;cabletv;2016;1081254000
Movistar;internet;2016;1389487000
Movistar;movil;2016;4207799063
Otros;cabletv;2016;142677
Otros;cabletv;2016;446404
Otros;cabletv;2016;49486
Otros;otros;2016;19168
Otros;cabletv;2016;185152
Otros;cabletv;2016;67958
Otros;cabletv;2016;529252
Otros;equipos;2016;114695
Otros;internet;2016;400193
Otros;movil;2016;498298
Otros;linea_fija;2016;4783
Otros;movil;2016;8730
Otros;internet;2016;14852
Otros;equipos;2016;17048
Otros;publico;2016;26567
Otros;data;2016;2790768
Otros;internet;2016;243193
Bitel;linea_fija;2016;26080
Bitel;larga_distancia;2016;401237
Bitel;internet;2016;3737946
Bitel;data;2016;15182463
Bitel;equipos;2016;81912100
Bitel;interconexion;2016;135198497
Bitel;movil;2016;262032521
Otros;otros;2016;4551
Otros;cabletv;2016;2136712
Otros;cabletv;2016;326931
Otros;cabletv;2016;41953
Otros;internet;2016;354945
Otros;data;2016;895075
Otros;publico;2016;219466
Otros;internet;2016;508758
Otros;linea_fija;2016;1355601
Otros;internet;2016;46633
Otros;internet;2016;3160
Otros;linea_fija;2016;42812
Otros;equipos;2016;524701
Otros;otros;2016;2941373
Otros;data;2016;11030575
Otros;cabletv;2017;60846
Otros;internet;2017;88003
Otros;cabletv;2017;1328895
Claro;publico;2017;3785459
Claro;larga_distancia;2017;6303504
Claro;linea_fija;2017;132511671
Claro;data;2017;161439382
Claro;cabletv;2017;184147076
Claro;internet;2017;350716688
Claro;otros;2017;426160604
Claro;interconexion;2017;512153123
Claro;equipos;2017;748594095
Claro;movil;2017;3202812199
Otros;publico;2017;757
Otros;equipos;2017;176267
Otros;interconexion;2017;5259165
Otros;linea_fija;2017;14074118
Otros;otros;2017;17018971
Otros;data;2017;18929249
Otros;larga_distancia;2017;25693332
Otros;internet;2017;50426460
Otros;linea_fija;2017;64
Otros;cabletv;2017;106
Otros;publico;2017;578
Otros;larga_distancia;2017;2256
Otros;internet;2017;72190
Otros;otros;2017;408684
Otros;cabletv;2017;74290
Otros;cabletv;2017;1001697
Otros;interconexion;2017;63368
Otros;publico;2017;107076
Otros;linea_fija;2017;909729
Otros;cabletv;2017;148386
Otros;internet;2017;153493
Otros;data;2017;21125053
Otros;internet;2017;10992153
Otros;data;2017;13979721
Otros;internet;2017;1263344
Otros;data;2017;9776503
Otros;otros;2017;11872763
Otros;cabletv;2017;447579
Otros;cabletv;2017;120621
Otros;cabletv;2017;2243213
Otros;otros;2017;76599
Otros;cabletv;2017;649263
Otros;cabletv;2017;1988440
Otros;equipos;2017;23472
Otros;cabletv;2017;751357
Otros;cabletv;2017;53643
Otros;cabletv;2017;551690
Otros;cabletv;2017;57302
Otros;cabletv;2017;648375
Otros;cabletv;2017;67062
Otros;cabletv;2017;1008052
Otros;otros;2017;238136
Otros;otros;2017;67638
Otros;internet;2017;80789
Otros;cabletv;2017;3688727
Otros;otros;2017;794535
Otros;otros;2017;273896
Otros;cabletv;2017;10057670
Otros;otros;2017;521683
Otros;otros;2017;336271
Otros;otros;2017;500
Otros;cabletv;2017;789699
Otros;cabletv;2017;442168
Otros;internet;2017;238453
Otros;cabletv;2017;6813042
Otros;otros;2017;8230659
Otros;cabletv;2017;28545336
Otros;cabletv;2017;170154
Otros;cabletv;2017;107098
Otros;otros;2017;279327
Otros;linea_fija;2017;6399101
Otros;larga_distancia;2017;18212825
Otros;data;2017;23736473
Otros;internet;2017;102418090
Otros;cabletv;2017;49840
Otros;cabletv;2017;250000
Otros;equipos;2017;197739
Otros;data;2017;1571804
Otros;linea_fija;2017;10126
Otros;data;2017;27487
Otros;equipos;2017;42990
Otros;otros;2017;195273
Otros;internet;2017;1200444
Otros;otros;2017;8105
Otros;linea_fija;2017;40060
Otros;internet;2017;86799
Otros;otros;2017;164153
Otros;cabletv;2017;6947647
Otros;cabletv;2017;3226268
Otros;cabletv;2017;122016
Otros;equipos;2017;9195
Otros;data;2017;65363
Otros;data;2017;165418
Otros;larga_distancia;2017;905360
Otros;linea_fija;2017;2279234
Otros;internet;2017;2287300
Otros;interconexion;2017;5250810
Otros;cabletv;2017;86718
Otros;internet;2017;128430
Otros;cabletv;2017;486401
DirectTV;otros;2017;6182656
DirectTV;equipos;2017;68301469
DirectTV;cabletv;2017;221087868
Otros;cabletv;2017;2555754
Otros;equipos;2017;4668237
Otros;movil;2017;7278487
Otros;cabletv;2017;25725
Otros;cabletv;2017;3000
Entel;linea_fija;2017;905092
Entel;data;2017;3574251
Entel;internet;2017;40476854
Entel;otros;2017;46318194
Entel;interconexion;2017;329861875
Entel;equipos;2017;424509806
Entel;movil;2017;1432586927
Otros;otros;2017;261257
Otros;data;2017;7281775
Otros;linea_fija;2017;757630
Otros;internet;2017;23322597
Otros;data;2017;27543766
Otros;cabletv;2017;65051
Otros;cabletv;2017;7932
Otros;cabletv;2017;94987
Otros;cabletv;2017;57840
Otros;interconexion;2017;75252
Otros;larga_distancia;2017;600674
Otros;equipos;2017;610731
Otros;otros;2017;2860599
Otros;linea_fija;2017;2897037
Otros;publico;2017;9342516
Otros;internet;2017;21835026
Otros;equipos;2017;503244
Otros;data;2017;1810873
Otros;otros;2017;2369452
Otros;internet;2017;8426675
Otros;cabletv;2017;95129
Otros;cabletv;2017;1381265
Otros;internet;2017;17648
Otros;otros;2017;188801
Otros;cabletv;2017;1334419
Otros;otros;2017;173039
Otros;cabletv;2017;3860805
Otros;otros;2017;1154
Otros;interconexion;2017;677538
Otros;movil;2017;1329348
Otros;otros;2017;510
Otros;linea_fija;2017;49005
Otros;cabletv;2017;108827
Otros;internet;2017;2524022
Otros;data;2017;28754148
Otros;otros;2017;38278630
Otros;cabletv;2017;159517
Otros;cabletv;2017;504917
Otros;cabletv;2017;355944
Otros;cabletv;2017;552819
Otros;cabletv;2017;7885
Otros;internet;2017;100943
Otros;otros;2017;526459
Otros;cabletv;2017;2798536
Otros;cabletv;2017;166971
Otros;cabletv;2017;91520
Otros;cabletv;2017;122103
Otros;data;2017;1528548
Otros;cabletv;2017;26792
Otros;cabletv;2017;66899
Otros;cabletv;2017;1660031
Otros;internet;2017;297465
Otros;cabletv;2017;1645423
Otros;otros;2017;565648
Otros;equipos;2017;900874
Otros;linea_fija;2017;1048944
Otros;larga_distancia;2017;3494694
Otros;data;2017;3962285
Otros;internet;2017;10655520
Otros;otros;2017;12660844
Otros;linea_fija;2017;1229
Otros;publico;2017;8786
Otros;otros;2017;239312
Otros;equipos;2017;2026492
Otros;internet;2017;9142403
Otros;movil;2017;12096491
Otros;equipos;2017;173654
Otros;cabletv;2017;1494292
Otros;linea_fija;2017;620616
Otros;larga_distancia;2017;9487228
Otros;otros;2017;15352444
Otros;data;2017;17904522
Otros;internet;2017;74360980
Otros;cabletv;2017;206011
Otros;cabletv;2017;345364
Otros;cabletv;2017;36715
Otros;otros;2017;132744
Otros;cabletv;2017;3588713
Otros;cabletv;2017;1166195
Otros;publico;2017;9280166
Otros;larga_distancia;2017;46999
Otros;otros;2017;197899
Otros;cabletv;2017;205420
Otros;cabletv;2017;1286552
Otros;otros;2017;1327057
Otros;cabletv;2017;214589
Otros;data;2017;6106463
Otros;cabletv;2017;175237
Otros;cabletv;2017;65551
Otros;cabletv;2017;73837
Otros;cabletv;2017;11237009
Otros;otros;2017;1410064
Otros;movil;2017;10651138
Otros;cabletv;2017;105705
Otros;cabletv;2017;86602
Otros;cabletv;2017;57642
Otros;cabletv;2017;5670
Otros;otros;2017;315
Otros;internet;2017;8943
Otros;cabletv;2017;29014
Otros;cabletv;2017;2022232
Otros;cabletv;2017;526405
Movistar;larga_distancia;2017;47426626
Movistar;publico;2017;94450185
Movistar;otros;2017;146710000
Movistar;linea_fija;2017;549588401
Movistar;data;2017;570407000
Movistar;interconexion;2017;680399000
Movistar;equipos;2017;987641000
Movistar;cabletv;2017;1151089115
Movistar;internet;2017;1326926674
Movistar;movil;2017;2886245000
Otros;otros;2017;2077
Otros;cabletv;2017;94756
Otros;cabletv;2017;193835
Otros;cabletv;2017;482281
Otros;cabletv;2017;57440
Otros;otros;2017;3322
Otros;equipos;2017;10543
Otros;cabletv;2017;68911
Otros;cabletv;2017;256017
Otros;cabletv;2017;464775
Otros;cabletv;2017;30570
Otros;data;2017;2964398
Otros;internet;2017;52352
Bitel;otros;2017;80001
Bitel;linea_fija;2017;300041
Bitel;larga_distancia;2017;822069
Bitel;internet;2017;8637510
Bitel;data;2017;21750843
Bitel;equipos;2017;143032411
Bitel;interconexion;2017;229403144
Bitel;movil;2017;462604981
Otros;otros;2017;4018
Otros;cabletv;2017;2253193
Otros;cabletv;2017;321707
Otros;cabletv;2017;492605
Otros;cabletv;2017;38835
Otros;publico;2017;132010
Otros;internet;2017;424979
Otros;linea_fija;2017;1251755
Otros;internet;2017;62147
Otros;linea_fija;2017;19724
Otros;equipos;2017;176210
Otros;otros;2017;648951
Otros;data;2017;2614092
Otros;cabletv;2018;61415
Otros;internet;2018;93217
Otros;cabletv;2018;1261745
Claro;publico;2018;2757161
Claro;larga_distancia;2018;6750328
Claro;linea_fija;2018;155112266
Claro;data;2018;168747298
Claro;cabletv;2018;182410819
Claro;interconexion;2018;326187316
Claro;internet;2018;331387323
Claro;otros;2018;737348894
Claro;equipos;2018;1188746200
Claro;movil;2018;2756776164
Otros;publico;2018;191
Otros;equipos;2018;157311
Otros;interconexion;2018;4579415
Otros;linea_fija;2018;17056458
Otros;larga_distancia;2018;17229791
Otros;data;2018;18213021
Otros;otros;2018;19070697
Otros;internet;2018;48379115
Otros;linea_fija;2018;64
Otros;cabletv;2018;106
Otros;publico;2018;578
Otros;larga_distancia;2018;2256
Otros;internet;2018;72190
Otros;otros;2018;851298
Otros;cabletv;2018;87862
Otros;cabletv;2018;1001697
Otros;interconexion;2018;70178
Otros;publico;2018;96839
Otros;linea_fija;2018;1003516
Otros;cabletv;2018;159513
Otros;internet;2018;66434
Otros;equipos;2018;188700
Otros;data;2018;22328156
Otros;internet;2018;17124463
Otros;data;2018;14322448
Otros;internet;2018;1227327
Otros;data;2018;9150337
Otros;otros;2018;14448424
Otros;cabletv;2018;480838
Otros;cabletv;2018;152020
Otros;cabletv;2018;2463672
Otros;cabletv;2018;544273
Otros;cabletv;2018;1065116
Otros;equipos;2018;42949
Otros;cabletv;2018;846850
Otros;cabletv;2018;64129
Otros;cabletv;2018;473574
Otros;cabletv;2018;58135
Otros;cabletv;2018;808503
Otros;cabletv;2018;91598
Otros;cabletv;2018;967408
Otros;internet;2018;1155759
Otros;cabletv;2018;18503221
Otros;otros;2018;148308
Otros;cabletv;2018;9982438
Otros;cabletv;2018;932574
Otros;cabletv;2018;363267
Otros;cabletv;2018;428917
Otros;internet;2018;339784
Otros;cabletv;2018;6974195
Otros;otros;2018;8471106
Otros;cabletv;2018;27313721
Otros;cabletv;2018;182507
Otros;cabletv;2018;147835
Otros;otros;2018;1668594
Otros;linea_fija;2018;7653065
Otros;larga_distancia;2018;21781800
Otros;data;2018;34542976
Otros;internet;2018;124463812
Otros;cabletv;2018;49400
Otros;cabletv;2018;207005
Otros;equipos;2018;406485
Otros;data;2018;1606706
Otros;linea_fija;2018;763
Otros;otros;2018;30706
Otros;data;2018;40845
Otros;equipos;2018;47476
Otros;internet;2018;358262
Otros;otros;2018;7064
Otros;linea_fija;2018;32023
Otros;internet;2018;78252
Otros;otros;2018;109167
Otros;cabletv;2018;7197742
Otros;cabletv;2018;3226268
Otros;cabletv;2018;122968
Otros;equipos;2018;18229
Otros;data;2018;65507
Otros;data;2018;198168
Otros;larga_distancia;2018;609375
Otros;linea_fija;2018;1718789
Otros;internet;2018;2674765
Otros;interconexion;2018;4432939
Otros;cabletv;2018;83056
DirectTV;otros;2018;15782102
DirectTV;equipos;2018;80736705
DirectTV;cabletv;2018;271307193
Otros;cabletv;2018;2322353
Otros;equipos;2018;4306026
Otros;movil;2018;8759182
Otros;cabletv;2018;9165673
Otros;cabletv;2018;23005
Otros;cabletv;2018;3000
Entel;linea_fija;2018;1142471
Entel;data;2018;5256286
Entel;otros;2018;14262252
Entel;internet;2018;74104838
Entel;interconexion;2018;192171526
Entel;equipos;2018;612988835
Entel;movil;2018;1546983793
Otros;data;2018;5662236
Otros;linea_fija;2018;881169
Otros;data;2018;12988748
Otros;internet;2018;27529416
Otros;cabletv;2018;1772
Otros;cabletv;2018;47321
Otros;cabletv;2018;354567
Otros;cabletv;2018;7932
Otros;cabletv;2018;162268
Otros;cabletv;2018;57840
Otros;data;2018;518314
Otros;otros;2018;1336526
Otros;equipos;2018;71472
Otros;interconexion;2018;75001
Otros;larga_distancia;2018;507412
Otros;otros;2018;609305
Otros;linea_fija;2018;2245601
Otros;publico;2018;5001350
Otros;internet;2018;21105068
Otros;linea_fija;2018;563859
Otros;larga_distancia;2018;1300061
Otros;equipos;2018;1360985
Otros;otros;2018;5363157
Otros;data;2018;5691969
Otros;internet;2018;15314724
Otros;cabletv;2018;147415
Otros;cabletv;2018;1252311
Otros;internet;2018;60698
Otros;otros;2018;114206
Otros;cabletv;2018;4882788
Otros;otros;2018;183237
Otros;cabletv;2018;4119237
Otros;interconexion;2018;63629
Otros;movil;2018;725356
Otros;otros;2018;788834
Otros;linea_fija;2018;227302
Otros;cabletv;2018;152465
Otros;internet;2018;2956806
Otros;data;2018;28383553
Otros;otros;2018;41363314
Otros;cabletv;2018;138823
Otros;cabletv;2018;640567
Otros;cabletv;2018;389175
Otros;cabletv;2018;522969
Otros;cabletv;2018;8490
Otros;internet;2018;236186
Otros;otros;2018;237089
Otros;cabletv;2018;6917953
Otros;cabletv;2018;164235
Otros;cabletv;2018;80142
Otros;cabletv;2018;203867
Otros;data;2018;4638167
Otros;cabletv;2018;39003
Otros;cabletv;2018;53094
Otros;cabletv;2018;1660031
Otros;internet;2018;964590
Otros;cabletv;2018;1215918
Otros;equipos;2018;283806
Otros;linea_fija;2018;502669
Otros;otros;2018;529342
Otros;larga_distancia;2018;1112694
Otros;data;2018;2155952
Otros;internet;2018;5352290
Otros;otros;2018;17428151
Otros;larga_distancia;2018;592
Otros;internet;2018;4397294
Otros;movil;2018;5550706
Otros;equipos;2018;6418366
Otros;equipos;2018;200279
Otros;cabletv;2018;1237118
Otros;linea_fija;2018;1591817
Otros;equipos;2018;4950666
Otros;larga_distancia;2018;7964807
Otros;otros;2018;17394750
Otros;data;2018;22836317
Otros;internet;2018;81690421
Otros;cabletv;2018;248644
Otros;cabletv;2018;38875
Otros;cabletv;2018;3506002
Otros;cabletv;2018;1081047
Otros;publico;2018;16284697
Otros;larga_distancia;2018;47360
Otros;cabletv;2018;176986
Otros;otros;2018;1561417
Otros;cabletv;2018;1867501
Otros;cabletv;2018;267846
Otros;data;2018;6106463
Otros;cabletv;2018;106956
Otros;cabletv;2018;64530
Otros;cabletv;2018;74398
Otros;otros;2018;1384796
Otros;movil;2018;10397038
Otros;cabletv;2018;178051
Otros;cabletv;2018;106403
Otros;cabletv;2018;57642
Otros;cabletv;2018;12135
Otros;otros;2018;36385
Otros;cabletv;2018;118375
Otros;cabletv;2018;2022232
Otros;cabletv;2018;459029
Movistar;larga_distancia;2018;41843999
Movistar;publico;2018;68238352
Movistar;otros;2018;142417000
Movistar;interconexion;2018;501105000
Movistar;linea_fija;2018;547996237
Movistar;data;2018;605903000
Movistar;equipos;2018;1124064000
Movistar;cabletv;2018;1195907646
Movistar;internet;2018;1293946766
Movistar;movil;2018;2580715000
Otros;cabletv;2018;196761
Otros;cabletv;2018;506514
Otros;cabletv;2018;57440
Otros;cabletv;2018;244526
Otros;cabletv;2018;913374
Otros;cabletv;2018;52440
Otros;data;2018;3616743
Otros;internet;2018;52352
Bitel;larga_distancia;2018;73310
Bitel;linea_fija;2018;101789
Bitel;otros;2018;249322
Bitel;internet;2018;2426770
Bitel;data;2018;57589447
Bitel;equipos;2018;120692290
Bitel;interconexion;2018;178915955
Bitel;movil;2018;698048117
Otros;otros;2018;3861
Otros;cabletv;2018;2203218
Otros;cabletv;2018;286743
Otros;cabletv;2018;520670
Otros;cabletv;2018;34325
Otros;linea_fija;2018;6205
Otros;internet;2018;1908950
Otros;internet;2018;128734
Otros;publico;2018;146556
Otros;linea_fija;2018;487446
Otros;internet;2018;63619
Otros;linea_fija;2018;58446
Otros;equipos;2018;207099
Otros;otros;2018;1561239
Otros;data;2018;10431646
Otros;cabletv;2019;64302
Otros;internet;2019;95956
Otros;cabletv;2019;1268682
Claro;publico;2019;1464685
Claro;larga_distancia;2019;5607496
Claro;linea_fija;2019;152170823
Claro;data;2019;162546449
Claro;interconexion;2019;174285375
Claro;cabletv;2019;182582601
Claro;internet;2019;350182580
Claro;otros;2019;966972347
Claro;equipos;2019;1431809132
Claro;movil;2019;2663221219
Otros;interconexion;2019;6733023
Otros;larga_distancia;2019;13218476
Otros;linea_fija;2019;14111433
Otros;otros;2019;22880857
Otros;data;2019;34695725
Otros;internet;2019;42476486
Otros;otros;2019;851298
Otros;cabletv;2019;85010
Otros;publico;2019;61280
Otros;interconexion;2019;75253
Otros;linea_fija;2019;1059833
Otros;cabletv;2019;187912
Otros;equipos;2019;184571
Otros;data;2019;20439474
Otros;internet;2019;21048301
Otros;data;2019;12822259
Otros;otros;2019;57288
Otros;cabletv;2019;24628651
Otros;equipos;2019;391239
Otros;internet;2019;924147
Otros;otros;2019;8052781
Otros;data;2019;9899738
Otros;cabletv;2019;292409
Otros;cabletv;2019;152020
Otros;cabletv;2019;109528
Otros;cabletv;2019;1385827
Otros;equipos;2019;1517
Otros;cabletv;2019;716114
Otros;cabletv;2019;76511
Otros;cabletv;2019;1715026
Otros;cabletv;2019;443995
Otros;cabletv;2019;59445
Otros;cabletv;2019;214199
Otros;cabletv;2019;91598
Otros;cabletv;2019;815831
Otros;internet;2019;1232665
Otros;cabletv;2019;16376838
Otros;cabletv;2019;9215079
Otros;cabletv;2019;647228
Otros;cabletv;2019;1729793
Otros;otros;2019;29786
Otros;cabletv;2019;376929
Otros;internet;2019;433369
Otros;cabletv;2019;6844803
Otros;otros;2019;8153
Otros;cabletv;2019;152517
Otros;cabletv;2019;301877
Otros;cabletv;2019;147835
Otros;linea_fija;2019;13386402
Otros;data;2019;30077321
Otros;larga_distancia;2019;38099761
Otros;otros;2019;60229033
Otros;internet;2019;92201419
Otros;cabletv;2019;49400
Otros;internet;2019;14784
Otros;cabletv;2019;232325
Otros;equipos;2019;728089
Otros;data;2019;6419663
Otros;equipos;2019;4386
Otros;otros;2019;10465
Otros;data;2019;28745
Otros;internet;2019;121204
Otros;internet;2019;61855
Otros;cabletv;2019;6662495
Otros;cabletv;2019;3226268
Otros;cabletv;2019;124585
Otros;equipos;2019;14890
Otros;data;2019;68936
Otros;data;2019;313750
Otros;larga_distancia;2019;431805
Otros;linea_fija;2019;1640234
Otros;internet;2019;2891393
Otros;interconexion;2019;4911081
Otros;cabletv;2019;44340
Otros;cabletv;2019;61947
DirectTV;otros;2019;7055599
DirectTV;equipos;2019;87215914
DirectTV;cabletv;2019;308580488
Otros;cabletv;2019;2128462
Otros;movil;2019;8547785
Otros;equipos;2019;8942264
Otros;internet;2019;1916245
Otros;data;2019;3371412
Otros;cabletv;2019;12382226
Otros;cabletv;2019;1457351
Otros;data;2019;117075
Otros;cabletv;2019;3111060
Otros;cabletv;2019;18485
Otros;cabletv;2019;3000
Entel;linea_fija;2019;997835
Entel;data;2019;6431221
Entel;otros;2019;31679227
Entel;internet;2019;89930610
Entel;interconexion;2019;93245842
Entel;equipos;2019;928608437
Entel;movil;2019;1602946828
Otros;data;2019;2229761
Otros;linea_fija;2019;881169
Otros;data;2019;16756968
Otros;internet;2019;27227079
Otros;internet;2019;56186
Otros;cabletv;2019;132517
Otros;cabletv;2019;27180
Otros;cabletv;2019;345568
Otros;equipos;2019;288124
Otros;movil;2019;493709
Otros;cabletv;2019;7932
Otros;cabletv;2019;118928
Otros;internet;2019;92160
Otros;cabletv;2019;332977
Otros;otros;2019;1440526
Otros;data;2019;8870627
Otros;interconexion;2019;47993
Otros;equipos;2019;116928
Otros;larga_distancia;2019;323022
Otros;otros;2019;1532101
Otros;linea_fija;2019;1596250
Otros;publico;2019;2215795
Otros;internet;2019;19797410
Otros;linea_fija;2019;968166
Otros;equipos;2019;1416342
Otros;larga_distancia;2019;1893362
Otros;otros;2019;6164981
Otros;data;2019;8572405
Otros;internet;2019;20236657
Otros;movil;2019;17418
Otros;cabletv;2019;164762
Otros;cabletv;2019;1252311
Otros;internet;2019;109166
Otros;cabletv;2019;4210917
Otros;otros;2019;113132
Otros;cabletv;2019;4111279
Otros;otros;2019;1298026
Otros;equipos;2019;2225954
Otros;internet;2019;3681430
Otros;larga_distancia;2019;6873
Otros;interconexion;2019;103707
Otros;movil;2019;158809
Otros;otros;2019;3619329
Otros;data;2019;5647897
Otros;cabletv;2019;181646
Otros;internet;2019;4640366
Otros;data;2019;26155778
Otros;otros;2019;49320772
Otros;cabletv;2019;165107
Otros;cabletv;2019;619662
Otros;cabletv;2019;396491
Otros;cabletv;2019;374315
Otros;cabletv;2019;8490
Otros;otros;2019;125085
Otros;cabletv;2019;7742868
Otros;cabletv;2019;180350
Otros;cabletv;2019;82380
Otros;cabletv;2019;278480
Otros;data;2019;3764093
Otros;cabletv;2019;38453
Otros;cabletv;2019;4757650
Otros;cabletv;2019;66895
Otros;internet;2019;809171
Otros;cabletv;2019;1111087
Otros;data;2019;132892
Otros;cabletv;2019;713111
Otros;otros;2019;18308936
Otros;equipos;2019;2098770
Otros;movil;2019;3823408
Otros;internet;2019;3962198
Otros;equipos;2019;60139
Otros;cabletv;2019;1207049
Otros;linea_fija;2019;2465160
Otros;larga_distancia;2019;7922909
Otros;equipos;2019;9035221
Otros;otros;2019;18872476
Otros;data;2019;26263038
Otros;internet;2019;84424621
Otros;cabletv;2019;273405
Otros;cabletv;2019;1271
Otros;internet;2019;1406865
Otros;cabletv;2019;37575
Otros;otros;2019;80881
Otros;cabletv;2019;3270759
Otros;cabletv;2019;1188931
Otros;publico;2019;25646207
Otros;larga_distancia;2019;48142
Otros;cabletv;2019;1638743
Otros;cabletv;2019;176986
Otros;otros;2019;1381452
Otros;cabletv;2019;2330737
Otros;cabletv;2019;701924
Otros;cabletv;2019;92700
Otros;cabletv;2019;34000
Otros;cabletv;2019;66864
Otros;cabletv;2019;73032
Otros;otros;2019;1187263
Otros;movil;2019;10114249
Otros;cabletv;2019;308096
Otros;cabletv;2019;91712
Otros;cabletv;2019;1141608
Otros;cabletv;2019;12135
Otros;cabletv;2019;2884554
Otros;cabletv;2019;178458
Otros;cabletv;2019;2755960
Otros;cabletv;2019;454490
Movistar;larga_distancia;2019;33191785
Movistar;publico;2019;46160106
Movistar;interconexion;2019;183279218
Movistar;otros;2019;228165658
Movistar;linea_fija;2019;430692335
Movistar;data;2019;713309644
Movistar;equipos;2019;1154525425
Movistar;cabletv;2019;1222446938
Movistar;internet;2019;1385710112
Movistar;movil;2019;2482298913
Movistar;interconexion;2019;1665917
Movistar;internet;2019;2501830
Movistar;otros;2019;23014263
Movistar;data;2019;44660113
Otros;cabletv;2019;390458
Otros;cabletv;2019;194509
Otros;cabletv;2019;46245
Otros;cabletv;2019;506514
Otros;cabletv;2019;5864700
Otros;cabletv;2019;350419
Otros;cabletv;2019;913374
Otros;otros;2019;261351
Otros;data;2019;2049755
Otros;cabletv;2019;52440
Otros;data;2019;23867
Otros;data;2019;3452668
Bitel;linea_fija;2019;59158
Bitel;larga_distancia;2019;340330
Bitel;internet;2019;3626910
Bitel;otros;2019;22015796
Bitel;data;2019;86069837
Bitel;equipos;2019;102814561
Bitel;interconexion;2019;128738687
Bitel;movil;2019;859124525
Otros;otros;2019;3485
Otros;cabletv;2019;2183122
Otros;cabletv;2019;250535
Otros;cabletv;2019;537176
Otros;cabletv;2019;671817
Otros;cabletv;2019;27130
Otros;linea_fija;2019;14157
Otros;internet;2019;5497533
Otros;internet;2019;6683
Otros;publico;2019;145113
Otros;linea_fija;2019;361719
Otros;internet;2019;74786
Otros;linea_fija;2019;52415
Otros;equipos;2019;248531
Otros;otros;2019;1263290
Otros;data;2019;9479838
Otros;cabletv;2020;39119
Otros;internet;2020;84930
Otros;cabletv;2020;841520
Claro;publico;2020;991524
Claro;larga_distancia;2020;3493115
Claro;data;2020;128047455
Claro;linea_fija;2020;142319444
Claro;interconexion;2020;147655338
Claro;cabletv;2020;182139677
Claro;otros;2020;240567499
Claro;internet;2020;480049611
Claro;equipos;2020;1097187862
Claro;movil;2020;2800053926
Otros;interconexion;2020;4404624
Otros;larga_distancia;2020;6107417
Otros;linea_fija;2020;10770286
Otros;data;2020;20074127
Otros;otros;2020;26199571
Otros;internet;2020;36186976
Otros;cabletv;2020;64232
Otros;publico;2020;12732
Otros;equipos;2020;18231
Otros;interconexion;2020;116781
Otros;linea_fija;2020;1057006
Otros;cabletv;2020;153811
Otros;internet;2020;100186
Otros;equipos;2020;108017
Otros;data;2020;19600568
Otros;internet;2020;17634270
Otros;data;2020;15161958
Otros;internet;2020;256041
Otros;cabletv;2020;21043330
Otros;internet;2020;837411
Otros;otros;2020;7665048
Otros;data;2020;8063415
Otros;cabletv;2020;254670
Otros;cabletv;2020;165754
Otros;cabletv;2020;72751
Otros;equipos;2020;33543
Otros;cabletv;2020;808169
Otros;cabletv;2020;1464416
Otros;cabletv;2020;432033
Otros;cabletv;2020;50655
Otros;cabletv;2020;221782
Otros;cabletv;2020;720550
Otros;internet;2020;1229356
Otros;cabletv;2020;14287744
Otros;cabletv;2020;8335503
Otros;cabletv;2020;1596342
Otros;cabletv;2020;327638
Otros;internet;2020;461409
Otros;cabletv;2020;6086828
Otros;cabletv;2020;44822
Otros;linea_fija;2020;23528076
Otros;data;2020;25115508
Otros;otros;2020;63618305
Otros;larga_distancia;2020;66964523
Otros;internet;2020;76464047
Otros;cabletv;2020;28680
Otros;internet;2020;90374
Otros;cabletv;2020;218325
Otros;equipos;2020;409473
Otros;data;2020;5779381
Otros;cabletv;2020;57095
Otros;internet;2020;80662
Otros;cabletv;2020;5665565
Otros;cabletv;2020;90613
Otros;equipos;2020;932
Otros;data;2020;51286
Otros;larga_distancia;2020;341193
Otros;data;2020;487686
Otros;equipos;2020;1517217
Otros;linea_fija;2020;1740594
Otros;internet;2020;1773610
Otros;interconexion;2020;3693846
Otros;cabletv;2020;47258
Otros;cabletv;2020;85984
DirectTV;otros;2020;5376992
DirectTV;equipos;2020;91564805
DirectTV;cabletv;2020;311584203
Otros;cabletv;2020;2197576
Otros;equipos;2020;7418625
Otros;movil;2020;8523992
Otros;internet;2020;2764996
Otros;cabletv;2020;8318009
Otros;data;2020;18168414
Otros;internet;2020;154435
Otros;cabletv;2020;1222758
Otros;data;2020;419789
Otros;internet;2020;472312
Otros;cabletv;2020;3459437
Otros;data;2020;3450879
Otros;cabletv;2020;1000
Entel;linea_fija;2020;1173965
Entel;data;2020;5911379
Entel;otros;2020;14725290
Entel;interconexion;2020;82658032
Entel;internet;2020;127878943
Entel;equipos;2020;813817649
Entel;movil;2020;1754433742
Otros;data;2020;17700867
Otros;internet;2020;28050528
Otros;cabletv;2020;256579
Otros;movil;2020;5335818
Otros;cabletv;2020;216149
Otros;equipos;2020;89660
Otros;movil;2020;1556930
Otros;cabletv;2020;7932
Otros;cabletv;2020;84000
Otros;internet;2020;86220
Otros;cabletv;2020;314488
Otros;internet;2020;2248896
Otros;otros;2020;11133294
Otros;data;2020;19019949
Otros;otros;2020;2341
Otros;interconexion;2020;7538
Otros;equipos;2020;9649
Otros;larga_distancia;2020;18619
Otros;publico;2020;56042
Otros;linea_fija;2020;243683
Otros;internet;2020;10100399
Otros;movil;2020;303465
Otros;linea_fija;2020;1028243
Otros;larga_distancia;2020;1446159
Otros;equipos;2020;2448151
Otros;data;2020;9169311
Otros;otros;2020;11972766
Otros;internet;2020;21146310
Otros;movil;2020;1524073
Otros;cabletv;2020;162300
Otros;internet;2020;151147
Otros;cabletv;2020;3444869
Otros;otros;2020;186907
Otros;cabletv;2020;4022126
Otros;otros;2020;4409389
Otros;equipos;2020;10538554
Otros;internet;2020;17435516
Otros;interconexion;2020;12332
Otros;larga_distancia;2020;12429
Otros;movil;2020;105060
Otros;data;2020;10224303
Otros;otros;2020;16471832
Otros;linea_fija;2020;260449
Otros;cabletv;2020;147050
Otros;internet;2020;3642558
Otros;data;2020;23192686
Otros;otros;2020;65404842
Otros;cabletv;2020;106101
Otros;cabletv;2020;609486
Otros;cabletv;2020;360383
Otros;cabletv;2020;309875
Otros;internet;2020;236186
Otros;otros;2020;237089
Otros;cabletv;2020;7017346
Otros;cabletv;2020;172535
Otros;cabletv;2020;84475
Otros;cabletv;2020;255484
Otros;data;2020;2962368
Otros;internet;2020;236186
Otros;data;2020;631012
Otros;cabletv;2020;42680
Otros;cabletv;2020;3591977
Otros;cabletv;2020;67192
Otros;internet;2020;128834
Otros;cabletv;2020;1636607
Otros;otros;2020;31176
Otros;data;2020;277531
Otros;cabletv;2020;555233
Otros;otros;2020;18823053
Otros;internet;2020;384
Otros;equipos;2020;2029
Otros;equipos;2020;78734
Otros;cabletv;2020;1364743
Otros;linea_fija;2020;2549472
Otros;larga_distancia;2020;7053939
Otros;equipos;2020;10639275
Otros;otros;2020;19688739
Otros;data;2020;25891691
Otros;internet;2020;79040092
Otros;cabletv;2020;233807
Otros;internet;2020;3705578
Otros;otros;2020;600
Otros;cabletv;2020;28910
Otros;cabletv;2020;1017948
Otros;cabletv;2020;1457416
Otros;publico;2020;29574230
Otros;larga_distancia;2020;50480
Otros;cabletv;2020;2004623
Otros;cabletv;2020;12515
Otros;otros;2020;2256537
Otros;cabletv;2020;3163328
Otros;cabletv;2020;211104
Otros;cabletv;2020;98850
Otros;cabletv;2020;36719
Otros;cabletv;2020;42945
Otros;cabletv;2020;44212
Otros;otros;2020;752112
Otros;movil;2020;8544101
Otros;cabletv;2020;1065144
Otros;cabletv;2020;148205
Otros;cabletv;2020;2413099
Otros;internet;2020;11864
Otros;cabletv;2020;578457
Movistar;publico;2020;16024653
Movistar;larga_distancia;2020;29781631
Movistar;otros;2020;129046509
Movistar;interconexion;2020;156354029
Movistar;linea_fija;2020;240849789
Movistar;data;2020;509525829
Movistar;equipos;2020;646561050
Movistar;cabletv;2020;1203231445
Movistar;internet;2020;1332898805
Movistar;movil;2020;2312389261
Otros;cabletv;2020;298905
Otros;cabletv;2020;41734
Otros;cabletv;2020;452517
Otros;cabletv;2020;5413537
Otros;cabletv;2020;294191
Otros;data;2020;2827243
Otros;data;2020;68115
Otros;data;2020;1419606
Bitel;larga_distancia;2020;1012
Bitel;linea_fija;2020;24636
Bitel;otros;2020;43109975
Bitel;data;2020;57896167
Bitel;equipos;2020;60321731
Bitel;internet;2020;60926201
Bitel;interconexion;2020;103187036
Bitel;movil;2020;916807868
Otros;otros;2020;2480
Otros;cabletv;2020;2978086
Otros;cabletv;2020;192235
Otros;cabletv;2020;577773
Otros;cabletv;2020;550334
Otros;cabletv;2020;24259
Otros;cabletv;2020;9490
Otros;linea_fija;2020;6657
Otros;internet;2020;11211893
Otros;internet;2020;23273
Otros;cabletv;2020;71291
Otros;publico;2020;145193
Otros;linea_fija;2020;402049
Otros;internet;2020;70952
Otros;otros;2020;1412
Otros;linea_fija;2020;30797
Otros;internet;2020;1003665
Otros;linea_fija;2020;63690
Otros;equipos;2020;282152
Otros;otros;2020;2049276
Otros;data;2020;8774787
Otros;cabletv;2021;51543
Otros;cabletv;2021;1329650
Claro;publico;2021;568725
Claro;larga_distancia;2021;2020746
Claro;data;2021;126215990
Claro;interconexion;2021;135878492
Claro;linea_fija;2021;139653938
Claro;cabletv;2021;188381094
Claro;otros;2021;217339602
Claro;internet;2021;629023113
Claro;equipos;2021;1712717095
Claro;movil;2021;3079294945
Otros;larga_distancia;2021;1866450
Otros;linea_fija;2021;3447745
Otros;otros;2021;3651526
Otros;interconexion;2021;8843870
Otros;data;2021;14843982
Otros;internet;2021;25262626
Otros;cabletv;2021;94561
Otros;publico;2021;6038
Otros;equipos;2021;26581
Otros;interconexion;2021;181180
Otros;linea_fija;2021;1196130
Otros;cabletv;2021;171094
Otros;internet;2021;230344
Otros;data;2021;18119881
Otros;internet;2021;18467918
Otros;internet;2021;4500734
Otros;internet;2021;176490
Otros;cabletv;2021;25210229
Otros;internet;2021;1353840
Otros;otros;2021;3620473
Otros;data;2021;4646395
Otros;equipos;2021;71351
Otros;data;2021;433274
Otros;cabletv;2021;316624
Otros;internet;2021;2657130
Otros;cabletv;2021;3040784
Otros;cabletv;2021;61457
Otros;equipos;2021;7769
Otros;cabletv;2021;584438
Otros;cabletv;2021;1055576
Otros;cabletv;2021;419670
Otros;cabletv;2021;71711
Otros;cabletv;2021;228667
Otros;cabletv;2021;869292
Otros;internet;2021;2487426
Otros;cabletv;2021;14284209
Otros;cabletv;2021;9115563
Otros;cabletv;2021;379307
Otros;internet;2021;403689
Otros;cabletv;2021;1763460
Otros;cabletv;2021;382653
Otros;internet;2021;785420
Otros;cabletv;2021;6437029
Otros;cabletv;2021;67466
Otros;linea_fija;2021;26079100
Otros;data;2021;30011044
Otros;otros;2021;72800924
Otros;larga_distancia;2021;74225131
Otros;internet;2021;78788913
Otros;cabletv;2021;19100
Otros;internet;2021;538517
Otros;cabletv;2021;214525
Otros;equipos;2021;815360
Otros;data;2021;5704754
Otros;internet;2021;531166
Otros;internet;2021;96048
Otros;cabletv;2021;5734908
Otros;cabletv;2021;112483
Otros;equipos;2021;30244
Otros;data;2021;39381
Otros;larga_distancia;2021;255246
Otros;equipos;2021;436418
Otros;data;2021;714776
Otros;internet;2021;2074718
Otros;linea_fija;2021;2210490
Otros;interconexion;2021;5215415
Otros;cabletv;2021;48300
Otros;cabletv;2021;97911
Otros;equipos;2021;1986
Otros;internet;2021;28314
Otros;otros;2021;6906911
DirectTV;otros;2021;14675920
DirectTV;equipos;2021;100034744
DirectTV;cabletv;2021;333548809
Otros;cabletv;2021;3056990
Otros;movil;2021;9846321
Otros;equipos;2021;13983965
Otros;internet;2021;5976592
Otros;cabletv;2021;7916429
Otros;data;2021;17443283
Otros;internet;2021;657225
Otros;cabletv;2021;1590767
Otros;data;2021;364223
Otros;internet;2021;2070551
Otros;cabletv;2021;4918289
Otros;cabletv;2021;15835
Otros;data;2021;27594116
Otros;cabletv;2021;1000
Entel;linea_fija;2021;1916657
Entel;data;2021;7335278
Entel;otros;2021;28180919
Entel;interconexion;2021;85185516
Entel;internet;2021;113424703
Entel;equipos;2021;1666424167
Entel;movil;2021;2038114195
Otros;data;2021;20029902
Otros;internet;2021;40047347
Otros;movil;2021;2569850
Otros;equipos;2021;34188
Otros;movil;2021;806570
Otros;cabletv;2021;7932
Otros;cabletv;2021;104068
Otros;internet;2021;119970
Otros;cabletv;2021;251040
Otros;internet;2021;1895055
Otros;otros;2021;3029923
Otros;data;2021;8856224
Otros;interconexion;2021;2288
Otros;publico;2021;19438
Otros;equipos;2021;88335
Otros;linea_fija;2021;98302
Otros;otros;2021;180244
Otros;internet;2021;208116
Otros;data;2021;3898023
Otros;linea_fija;2021;1015693
Otros;larga_distancia;2021;1109084
Otros;equipos;2021;5289433
Otros;otros;2021;14883542
Otros;data;2021;17805119
Otros;internet;2021;22990639
Otros;interconexion;2021;187158
Otros;movil;2021;4573185
Otros;internet;2021;231287
Otros;cabletv;2021;3430495
Otros;otros;2021;396239
Otros;cabletv;2021;4436431
Otros;otros;2021;5343889
Otros;equipos;2021;26268740
Otros;internet;2021;43658112
Otros;data;2021;13629866
Otros;otros;2021;20911001
Otros;linea_fija;2021;315970
Otros;linea_fija;2021;43894
Otros;equipos;2021;109006
Otros;otros;2021;6851760
Otros;linea_fija;2021;14346
Otros;otros;2021;2166214
Otros;internet;2021;3910729
Otros;data;2021;32625519
Otros;otros;2021;37222519
Otros;cabletv;2021;519715
Otros;cabletv;2021;618326
Otros;cabletv;2021;393209
Otros;internet;2021;2853955
Otros;cabletv;2021;5412958
Otros;cabletv;2021;303247
Otros;otros;2021;121810
Otros;internet;2021;475802
Otros;cabletv;2021;7813672
Otros;cabletv;2021;89830
Otros;cabletv;2021;340682
Otros;data;2021;3313659
Otros;cabletv;2021;57686
Otros;cabletv;2021;3419969
Otros;cabletv;2021;70431
Otros;internet;2021;155535
Otros;cabletv;2021;355416
Otros;otros;2021;186886
Otros;data;2021;219500
Otros;internet;2021;17490
Otros;cabletv;2021;712653
Otros;data;2021;112133
Otros;equipos;2021;192827
Otros;internet;2021;1684825
Otros;otros;2021;4730461
Otros;linea_fija;2021;5412958
Otros;otros;2021;18418429
Otros;equipos;2021;49317
Otros;cabletv;2021;1311436
Otros;linea_fija;2021;7968947
Otros;larga_distancia;2021;8084124
Otros;otros;2021;25162418
Otros;data;2021;26377606
Otros;internet;2021;90847786
Otros;cabletv;2021;221854
Otros;otros;2021;90
Otros;cabletv;2021;29700
Otros;equipos;2021;921351
Otros;publico;2021;40791001
Otros;cabletv;2021;2076756
Otros;cabletv;2021;11485
Otros;otros;2021;75823
Otros;cabletv;2021;2673980
Otros;internet;2021;5005
Otros;cabletv;2021;242280
Otros;cabletv;2021;108000
Otros;cabletv;2021;63636
Otros;cabletv;2021;43051
Otros;cabletv;2021;65626
Otros;otros;2021;157834
Otros;cabletv;2021;1122813
Otros;cabletv;2021;153845
Otros;cabletv;2021;2400531
Movistar;publico;2021;7279134
Movistar;larga_distancia;2021;30368018
Movistar;otros;2021;134042855
Movistar;interconexion;2021;147124900
Movistar;linea_fija;2021;192930595
Movistar;data;2021;522256770
Movistar;equipos;2021;938143807
Movistar;cabletv;2021;1216989963
Movistar;internet;2021;1441410431
Movistar;movil;2021;2418669059
Otros;cabletv;2021;220689
Otros;cabletv;2021;123307
Otros;internet;2021;1829659
Otros;cabletv;2021;3560204
Otros;cabletv;2021;520126
Otros;cabletv;2021;6284049
Otros;cabletv;2021;387554
Otros;data;2021;93750
Otros;data;2021;1025043
Bitel;linea_fija;2021;270534
Bitel;otros;2021;44471321
Bitel;equipos;2021;65717409
Bitel;interconexion;2021;77780853
Bitel;internet;2021;82255124
Bitel;data;2021;95650989
Bitel;movil;2021;1063486581
Otros;cabletv;2021;180080
Otros;cabletv;2021;510421
Otros;cabletv;2021;509604
Otros;cabletv;2021;55880
Otros;linea_fija;2021;4999
Otros;internet;2021;76719172
Otros;internet;2021;12109
Otros;cabletv;2021;83283
Otros;publico;2021;145359
Otros;linea_fija;2021;301483
Otros;internet;2021;70459
Otros;otros;2021;108774
Otros;equipos;2021;340826
Otros;linea_fija;2021;540987
Otros;otros;2021;937340
Otros;internet;2021;10063460
Otros;equipos;2021;92144
Otros;linea_fija;2021;94172
Otros;otros;2021;3909086
Otros;data;2021;10130272
